customer_id,customer_name,customer_city,customer_rating,signup_date
CUST_0001,Sneha Gupta 4,Chennai,3.5,2022-05-23
CUST_0002,Sneha Gupta 87,Jaipur,3.2,2023-03-09
CUST_0003,Priya Patel 4,Delhi,3.4,2023-06-02
CUST_0004,Simran Kaur 4,Jaipur,3.4,2023-10-28
CUST_0005,Ritu Agarwal 54,Hyderabad,3.9,2022-10-12
CUST_0006,Aarav Sharma 98,Bangalore,4.4,2022-12-15
CUST_0007,Arjun Das 20,Hyderabad,4.9,2022-12-11
CUST_0008,Sneha Gupta 12,Pune,3.2,2024-05-17
CUST_0009,Pooja Joshi 78,Chennai,4.6,2024-01-18
CUST_0010,Siddharth Bhat 69,Delhi,4.9,2023-01-23
CUST_0011,Rohan Kumar 71,Chennai,4.7,2023-09-26
CUST_0012,Pooja Joshi 74,Hyderabad,4.4,2022-02-16
CUST_0013,Divya Nair 99,Chennai,5.0,2024-05-25
CUST_0014,Divya Nair 13,Pune,3.6,2023-10-13
CUST_0015,Pooja Joshi 21,Kolkata,3.7,2023-11-18
CUST_0016,Arjun Das 90,Delhi,4.2,2022-06-25
CUST_0017,Ritu Agarwal 94,Hyderabad,3.3,2023-01-24
CUST_0018,Arjun Das 82,Jaipur,3.4,2022-11-29
CUST_0019,Priya Patel 30,Mumbai,4.6,2023-02-15
CUST_0020,Arjun Das 9,Hyderabad,4.8,2023-08-04
CUST_0021,Rahul Verma 28,Ahmedabad,3.8,2024-07-25
CUST_0022,Siddharth Bhat 19,Chennai,3.3,2024-02-02
CUST_0023,Ritu Agarwal 69,Chennai,4.5,2023-03-15
CUST_0024,Manish Tiwari 52,Kolkata,3.4,2022-05-22
CUST_0025,Nikhil Saxena 64,Delhi,4.5,2024-05-31
CUST_0026,Sneha Gupta 20,Bangalore,4.6,2023-03-09
CUST_0027,Simran Kaur 9,Pune,3.8,2023-04-25
CUST_0028,Nikhil Saxena 33,Jaipur,4.7,2022-01-12
CUST_0029,Sneha Gupta 88,Jaipur,4.5,2024-02-27
CUST_0030,Rahul Verma 15,Chennai,3.9,2023-04-10
CUST_0031,Aarav Sharma 93,Chennai,4.9,2024-02-20
CUST_0032,Ananya Reddy 65,Delhi,4.7,2022-11-02
CUST_0033,Nikhil Saxena 78,Hyderabad,3.3,2024-02-20
CUST_0034,Ananya Reddy 70,Jaipur,4.8,2023-09-06
CUST_0035,Rahul Verma 63,Mumbai,3.2,2023-01-07
CUST_0036,Meera Iyer 31,Mumbai,3.5,2023-08-04
CUST_0037,Rohan Kumar 11,Ahmedabad,4.6,2024-02-18
CUST_0038,Ritu Agarwal 99,Bangalore,3.3,2023-05-02
CUST_0039,Ritu Agarwal 22,Chennai,4.1,2023-09-14
CUST_0040,Nisha Kapoor 28,Jaipur,4.5,2023-12-08
CUST_0041,Karan Mehta 92,Chennai,3.8,2023-11-19
CUST_0042,Pooja Joshi 57,Jaipur,3.9,2022-09-11
CUST_0043,Divya Nair 9,Kolkata,3.0,2023-07-22
CUST_0044,Divya Nair 76,Hyderabad,3.0,2023-12-26
CUST_0045,Priya Patel 30,Delhi,4.8,2024-05-30
CUST_0046,Rahul Verma 10,Jaipur,3.5,2023-11-17
CUST_0047,Kavya Menon 28,Jaipur,3.3,2024-08-15
CUST_0048,Manish Tiwari 74,Ahmedabad,3.5,2023-04-30
CUST_0049,Nisha Kapoor 25,Delhi,3.2,2023-03-18
CUST_0050,Pooja Joshi 55,Pune,3.9,2024-01-17
CUST_0051,Priya Patel 87,Delhi,3.1,2024-01-16
CUST_0052,Rahul Verma 14,Hyderabad,3.4,2023-07-04
CUST_0053,Siddharth Bhat 18,Pune,3.4,2023-04-19
CUST_0054,Divya Nair 10,Ahmedabad,4.6,2024-05-26
CUST_0055,Ritu Agarwal 13,Mumbai,4.3,2023-07-08
CUST_0056,Aarav Sharma 12,Hyderabad,3.3,2023-05-13
CUST_0057,Kavya Menon 28,Pune,4.8,2022-06-18
CUST_0058,Aditya Rao 1,Pune,3.5,2024-03-13
CUST_0059,Siddharth Bhat 37,Pune,4.4,2024-01-19
CUST_0060,Ritu Agarwal 85,Ahmedabad,3.3,2022-10-31
CUST_0061,Karan Mehta 8,Lucknow,4.5,2022-03-04
CUST_0062,Rahul Verma 8,Mumbai,4.2,2023-05-30
CUST_0063,Nikhil Saxena 21,Mumbai,4.9,2022-03-24
CUST_0064,Ananya Reddy 9,Lucknow,3.1,2024-06-01
CUST_0065,Divya Nair 52,Delhi,4.9,2023-08-07
CUST_0066,Divya Nair 75,Lucknow,3.1,2022-03-25
CUST_0067,Nisha Kapoor 85,Lucknow,4.1,2022-11-20
CUST_0068,Arjun Das 27,Kolkata,3.5,2023-02-10
CUST_0069,Vikram Singh 86,Chennai,3.9,2024-08-09
CUST_0070,Rohan Kumar 2,Ahmedabad,4.2,2023-07-31
CUST_0071,Sneha Gupta 10,Jaipur,3.4,2022-09-29
CUST_0072,Vikram Singh 45,Delhi,4.8,2023-01-14
CUST_0073,Meera Iyer 21,Ahmedabad,4.7,2023-12-22
CUST_0074,Meera Iyer 79,Jaipur,3.0,2024-04-16
CUST_0075,Ritu Agarwal 39,Delhi,4.9,2022-05-18
CUST_0076,Arjun Das 15,Delhi,4.5,2022-06-09
CUST_0077,Arjun Das 37,Lucknow,3.4,2022-12-18
CUST_0078,Karan Mehta 88,Chennai,4.0,2022-09-15
CUST_0079,Priya Patel 12,Pune,4.7,2022-02-15
CUST_0080,Aarav Sharma 43,Bangalore,4.3,2022-09-26
CUST_0081,Ananya Reddy 95,Ahmedabad,4.1,2023-03-14
CUST_0082,Ritu Agarwal 2,Delhi,3.2,2024-06-23
CUST_0083,Vikram Singh 70,Mumbai,4.7,2023-08-20
CUST_0084,Ritu Agarwal 19,Pune,3.3,2022-11-12
CUST_0085,Pooja Joshi 6,Kolkata,3.4,2022-09-13
CUST_0086,Sneha Gupta 46,Jaipur,4.8,2023-02-21
CUST_0087,Simran Kaur 96,Bangalore,4.9,2022-08-31
CUST_0088,Ananya Reddy 23,Pune,3.0,2024-01-25
CUST_0089,Rahul Verma 53,Hyderabad,3.5,2024-03-17
CUST_0090,Sneha Gupta 49,Mumbai,4.7,2022-08-16
CUST_0091,Karan Mehta 59,Kolkata,3.6,2024-03-25
CUST_0092,Divya Nair 29,Mumbai,4.3,2023-02-13
CUST_0093,Rahul Verma 36,Delhi,4.9,2022-10-13
CUST_0094,Pooja Joshi 83,Jaipur,3.8,2024-05-13
CUST_0095,Ritu Agarwal 43,Mumbai,3.2,2024-09-20
CUST_0096,Arjun Das 23,Lucknow,4.9,2022-09-29
CUST_0097,Priya Patel 14,Lucknow,3.9,2024-01-17
CUST_0098,Rahul Verma 56,Lucknow,5.0,2022-04-29
CUST_0099,Aditya Rao 74,Hyderabad,3.5,2023-12-27
CUST_0100,Nisha Kapoor 1,Jaipur,4.9,2023-07-06
CUST_0101,Karan Mehta 47,Pune,3.1,2023-11-12
CUST_0102,Rahul Verma 80,Kolkata,4.3,2022-05-08
CUST_0103,Meera Iyer 65,Chennai,4.3,2022-12-01
CUST_0104,Aditya Rao 90,Chennai,4.1,2022-07-16
CUST_0105,Nisha Kapoor 86,Pune,4.4,2024-07-13
CUST_0106,Ananya Reddy 79,Lucknow,3.6,2023-07-16
CUST_0107,Aarav Sharma 39,Chennai,3.4,2024-03-15
CUST_0108,Manish Tiwari 78,Kolkata,3.9,2023-03-29
CUST_0109,Karan Mehta 66,Ahmedabad,4.6,2024-09-09
CUST_0110,Ananya Reddy 85,Delhi,3.6,2023-11-11
CUST_0111,Simran Kaur 43,Delhi,4.6,2024-02-09
CUST_0112,Divya Nair 87,Chennai,3.4,2022-07-23
CUST_0113,Vikram Singh 4,Mumbai,3.5,2023-05-02
CUST_0114,Simran Kaur 99,Delhi,3.9,2024-06-26
CUST_0115,Manish Tiwari 25,Pune,4.0,2022-09-07
CUST_0116,Vikram Singh 84,Mumbai,4.8,2024-05-31
CUST_0117,Sneha Gupta 55,Hyderabad,3.4,2024-09-07
CUST_0118,Nikhil Saxena 60,Mumbai,4.1,2024-07-28
CUST_0119,Sneha Gupta 59,Bangalore,4.6,2023-11-15
CUST_0120,Nikhil Saxena 72,Lucknow,3.6,2024-02-13
CUST_0121,Siddharth Bhat 79,Jaipur,3.9,2024-07-17
CUST_0122,Ritu Agarwal 58,Bangalore,4.5,2023-05-02
CUST_0123,Siddharth Bhat 34,Hyderabad,4.7,2022-10-11
CUST_0124,Nikhil Saxena 63,Hyderabad,3.5,2022-03-21
CUST_0125,Meera Iyer 31,Chennai,3.7,2024-07-03
CUST_0126,Ritu Agarwal 11,Bangalore,3.3,2023-01-28
CUST_0127,Vikram Singh 91,Hyderabad,3.1,2023-02-22
CUST_0128,Rahul Verma 70,Ahmedabad,3.8,2022-07-31
CUST_0129,Nisha Kapoor 50,Lucknow,4.9,2022-01-21
CUST_0130,Manish Tiwari 49,Ahmedabad,3.0,2022-12-27
CUST_0131,Meera Iyer 97,Pune,4.7,2024-09-03
CUST_0132,Nisha Kapoor 69,Jaipur,4.6,2024-07-08
CUST_0133,Divya Nair 63,Hyderabad,3.5,2023-05-13
CUST_0134,Aarav Sharma 50,Kolkata,4.3,2024-03-28
CUST_0135,Aditya Rao 93,Bangalore,4.7,2024-07-30
CUST_0136,Vikram Singh 80,Jaipur,3.1,2023-02-08
CUST_0137,Manish Tiwari 73,Mumbai,3.2,2023-03-15
CUST_0138,Vikram Singh 60,Bangalore,3.1,2023-01-24
CUST_0139,Rahul Verma 28,Ahmedabad,3.7,2024-02-19
CUST_0140,Aditya Rao 36,Pune,3.5,2022-03-25
CUST_0141,Kavya Menon 3,Jaipur,3.1,2024-09-01
CUST_0142,Pooja Joshi 29,Delhi,4.6,2023-10-30
CUST_0143,Priya Patel 97,Mumbai,4.9,2022-07-24
CUST_0144,Aarav Sharma 80,Bangalore,3.5,2023-04-30
CUST_0145,Sneha Gupta 73,Hyderabad,3.9,2022-09-20
CUST_0146,Pooja Joshi 22,Lucknow,4.2,2024-02-05
CUST_0147,Sneha Gupta 21,Chennai,3.2,2022-01-27
CUST_0148,Meera Iyer 74,Pune,3.8,2024-01-03
CUST_0149,Karan Mehta 10,Lucknow,4.4,2023-10-05
CUST_0150,Divya Nair 14,Chennai,4.7,2023-09-07
CUST_0151,Sneha Gupta 73,Mumbai,3.7,2023-03-15
CUST_0152,Pooja Joshi 9,Jaipur,4.3,2022-01-13
CUST_0153,Nisha Kapoor 63,Delhi,3.9,2023-01-06
CUST_0154,Siddharth Bhat 91,Bangalore,3.9,2024-01-22
CUST_0155,Nikhil Saxena 84,Chennai,4.2,2024-07-30
CUST_0156,Ritu Agarwal 62,Ahmedabad,3.9,2024-01-19
CUST_0157,Manish Tiwari 35,Kolkata,4.7,2024-04-30
CUST_0158,Rohan Kumar 36,Ahmedabad,3.5,2023-04-21
CUST_0159,Manish Tiwari 79,Pune,3.7,2023-05-22
CUST_0160,Rahul Verma 24,Ahmedabad,3.4,2024-03-27
CUST_0161,Arjun Das 44,Chennai,4.8,2023-12-20
CUST_0162,Arjun Das 72,Mumbai,4.0,2022-07-15
CUST_0163,Rohan Kumar 31,Pune,4.0,2024-02-16
CUST_0164,Divya Nair 89,Ahmedabad,4.3,2023-05-18
CUST_0165,Siddharth Bhat 3,Delhi,3.6,2023-02-19
CUST_0166,Divya Nair 40,Lucknow,3.7,2023-07-21
CUST_0167,Nikhil Saxena 45,Pune,5.0,2023-07-18
CUST_0168,Rahul Verma 46,Ahmedabad,3.5,2022-09-15
CUST_0169,Divya Nair 16,Hyderabad,3.6,2024-01-31
CUST_0170,Ritu Agarwal 98,Bangalore,3.4,2024-01-27
CUST_0171,Kavya Menon 36,Lucknow,5.0,2023-06-22
CUST_0172,Simran Kaur 37,Delhi,4.7,2022-10-31
CUST_0173,Divya Nair 47,Bangalore,3.6,2023-12-27
CUST_0174,Ritu Agarwal 17,Chennai,3.1,2022-02-25
CUST_0175,Ritu Agarwal 38,Bangalore,4.3,2024-02-10
CUST_0176,Kavya Menon 14,Mumbai,4.1,2023-04-26
CUST_0177,Kavya Menon 57,Kolkata,3.4,2022-02-22
CUST_0178,Arjun Das 62,Delhi,4.6,2023-02-15
CUST_0179,Kavya Menon 10,Lucknow,4.3,2022-02-24
CUST_0180,Vikram Singh 20,Lucknow,4.9,2022-03-29
CUST_0181,Divya Nair 16,Jaipur,4.5,2023-09-13
CUST_0182,Simran Kaur 80,Hyderabad,4.6,2023-01-25
CUST_0183,Siddharth Bhat 57,Chennai,4.7,2023-03-16
CUST_0184,Meera Iyer 73,Lucknow,3.1,2024-09-10
CUST_0185,Sneha Gupta 98,Hyderabad,4.3,2022-09-28
CUST_0186,Rohan Kumar 21,Hyderabad,3.3,2022-03-18
CUST_0187,Ananya Reddy 1,Pune,3.9,2023-09-01
CUST_0188,Kavya Menon 38,Mumbai,3.5,2023-12-25
CUST_0189,Meera Iyer 90,Ahmedabad,3.1,2022-08-28
CUST_0190,Arjun Das 81,Lucknow,4.3,2024-08-14
CUST_0191,Karan Mehta 55,Delhi,4.1,2023-10-26
CUST_0192,Vikram Singh 35,Bangalore,3.1,2022-06-19
CUST_0193,Meera Iyer 77,Lucknow,4.8,2023-03-26
CUST_0194,Sneha Gupta 60,Chennai,4.4,2024-08-23
CUST_0195,Arjun Das 65,Jaipur,4.0,2022-03-24
CUST_0196,Simran Kaur 6,Pune,4.5,2023-09-11
CUST_0197,Arjun Das 4,Delhi,3.5,2023-11-22
CUST_0198,Manish Tiwari 76,Mumbai,5.0,2023-11-20
CUST_0199,Arjun Das 74,Mumbai,4.5,2022-06-29
CUST_0200,Kavya Menon 67,Ahmedabad,4.8,2022-07-05
CUST_0201,Manish Tiwari 56,Ahmedabad,4.9,2023-04-27
CUST_0202,Pooja Joshi 53,Kolkata,3.6,2022-04-18
CUST_0203,Ananya Reddy 43,Pune,4.4,2022-10-23
CUST_0204,Aditya Rao 98,Jaipur,3.1,2022-04-01
CUST_0205,Rahul Verma 33,Kolkata,3.2,2024-03-02
CUST_0206,Aditya Rao 66,Mumbai,4.3,2023-07-10
CUST_0207,Siddharth Bhat 53,Mumbai,3.4,2023-01-06
CUST_0208,Simran Kaur 97,Ahmedabad,4.3,2024-02-18
CUST_0209,Priya Patel 27,Chennai,4.1,2024-08-07
CUST_0210,Meera Iyer 57,Ahmedabad,3.2,2024-09-23
CUST_0211,Simran Kaur 31,Bangalore,3.6,2022-01-15
CUST_0212,Ritu Agarwal 53,Delhi,3.4,2024-05-11
CUST_0213,Sneha Gupta 60,Delhi,4.3,2022-06-07
CUST_0214,Kavya Menon 92,Chennai,4.0,2022-10-07
CUST_0215,Nisha Kapoor 62,Ahmedabad,3.5,2023-07-19
CUST_0216,Vikram Singh 50,Hyderabad,4.8,2023-06-05
CUST_0217,Vikram Singh 9,Chennai,4.5,2024-05-24
CUST_0218,Nisha Kapoor 44,Jaipur,3.5,2022-01-03
CUST_0219,Meera Iyer 93,Chennai,4.7,2023-08-17
CUST_0220,Kavya Menon 20,Ahmedabad,4.1,2022-12-20
CUST_0221,Rahul Verma 71,Jaipur,3.8,2024-08-13
CUST_0222,Rahul Verma 25,Hyderabad,4.1,2022-08-28
CUST_0223,Nisha Kapoor 6,Kolkata,4.5,2023-12-24
CUST_0224,Aditya Rao 50,Bangalore,4.0,2022-02-07
CUST_0225,Vikram Singh 65,Lucknow,3.7,2022-04-13
CUST_0226,Siddharth Bhat 13,Jaipur,4.8,2022-01-16
CUST_0227,Vikram Singh 53,Bangalore,3.1,2024-03-11
CUST_0228,Arjun Das 44,Lucknow,4.4,2023-10-28
CUST_0229,Rohan Kumar 43,Jaipur,3.8,2022-11-21
CUST_0230,Kavya Menon 70,Mumbai,4.2,2022-08-29
CUST_0231,Meera Iyer 30,Delhi,3.9,2022-04-11
CUST_0232,Sneha Gupta 57,Bangalore,4.4,2024-07-14
CUST_0233,Aarav Sharma 6,Kolkata,4.6,2022-10-28
CUST_0234,Pooja Joshi 48,Pune,3.3,2023-06-28
CUST_0235,Nisha Kapoor 73,Bangalore,3.3,2022-03-22
CUST_0236,Simran Kaur 49,Lucknow,4.4,2023-05-25
CUST_0237,Manish Tiwari 19,Hyderabad,3.9,2022-09-18
CUST_0238,Siddharth Bhat 33,Mumbai,4.8,2023-04-22
CUST_0239,Meera Iyer 87,Jaipur,3.3,2023-03-29
CUST_0240,Pooja Joshi 76,Chennai,4.3,2023-03-11
CUST_0241,Arjun Das 59,Chennai,3.4,2023-01-29
CUST_0242,Kavya Menon 14,Hyderabad,3.8,2023-01-03
CUST_0243,Manish Tiwari 38,Chennai,3.0,2024-04-29
CUST_0244,Aditya Rao 36,Mumbai,4.1,2023-12-04
CUST_0245,Priya Patel 78,Ahmedabad,4.7,2024-07-13
CUST_0246,Meera Iyer 30,Lucknow,4.6,2022-08-13
CUST_0247,Karan Mehta 80,Chennai,4.4,2024-01-09
CUST_0248,Vikram Singh 81,Delhi,4.8,2023-10-24
CUST_0249,Priya Patel 40,Ahmedabad,3.1,2023-01-09
CUST_0250,Vikram Singh 12,Chennai,3.7,2023-03-02
CUST_0251,Ananya Reddy 26,Bangalore,4.6,2024-06-16
CUST_0252,Pooja Joshi 68,Jaipur,4.8,2024-04-30
CUST_0253,Ananya Reddy 33,Ahmedabad,4.9,2022-10-30
CUST_0254,Rahul Verma 15,Ahmedabad,4.9,2022-05-25
CUST_0255,Divya Nair 87,Pune,4.9,2024-04-03
CUST_0256,Ritu Agarwal 47,Delhi,4.6,2022-01-15
CUST_0257,Arjun Das 69,Delhi,3.9,2023-11-20
CUST_0258,Arjun Das 75,Pune,4.6,2024-08-20
CUST_0259,Pooja Joshi 14,Hyderabad,3.9,2023-09-27
CUST_0260,Ritu Agarwal 42,Lucknow,3.4,2022-03-06
CUST_0261,Siddharth Bhat 90,Chennai,4.3,2022-04-30
CUST_0262,Vikram Singh 6,Mumbai,3.6,2023-05-20
CUST_0263,Sneha Gupta 13,Hyderabad,4.8,2022-05-19
CUST_0264,Aditya Rao 59,Kolkata,4.3,2024-01-31
CUST_0265,Ritu Agarwal 54,Lucknow,4.5,2022-06-08
CUST_0266,Nisha Kapoor 84,Delhi,4.7,2023-09-23
CUST_0267,Nisha Kapoor 36,Mumbai,4.4,2022-08-11
CUST_0268,Siddharth Bhat 57,Hyderabad,4.7,2022-04-12
CUST_0269,Pooja Joshi 70,Kolkata,3.1,2022-10-10
CUST_0270,Karan Mehta 16,Ahmedabad,3.2,2022-08-06
CUST_0271,Simran Kaur 3,Mumbai,4.6,2022-09-07
CUST_0272,Vikram Singh 73,Hyderabad,3.1,2024-02-23
CUST_0273,Ritu Agarwal 27,Lucknow,3.4,2024-06-09
CUST_0274,Divya Nair 43,Bangalore,4.6,2023-09-03
CUST_0275,Aarav Sharma 36,Bangalore,5.0,2023-07-08
CUST_0276,Arjun Das 23,Delhi,4.3,2022-01-27
CUST_0277,Vikram Singh 2,Kolkata,4.6,2022-09-01
CUST_0278,Manish Tiwari 42,Mumbai,3.3,2022-02-23
CUST_0279,Vikram Singh 95,Pune,4.1,2024-02-03
CUST_0280,Rohan Kumar 61,Ahmedabad,4.6,2023-06-10
CUST_0281,Manish Tiwari 14,Ahmedabad,4.0,2024-08-26
CUST_0282,Simran Kaur 6,Jaipur,3.6,2023-10-21
CUST_0283,Aarav Sharma 8,Ahmedabad,4.7,2023-03-13
CUST_0284,Sneha Gupta 63,Ahmedabad,3.1,2022-03-24
CUST_0285,Rahul Verma 78,Bangalore,3.1,2022-10-09
CUST_0286,Simran Kaur 82,Lucknow,4.1,2022-11-29
CUST_0287,Aditya Rao 77,Jaipur,3.6,2023-06-02
CUST_0288,Simran Kaur 56,Delhi,4.6,2022-04-28
CUST_0289,Ritu Agarwal 93,Hyderabad,3.9,2024-06-28
CUST_0290,Divya Nair 53,Kolkata,4.7,2023-02-13
CUST_0291,Nisha Kapoor 94,Delhi,3.6,2022-11-17
CUST_0292,Arjun Das 48,Bangalore,4.4,2023-05-01
CUST_0293,Rohan Kumar 12,Delhi,3.2,2022-04-09
CUST_0294,Pooja Joshi 17,Jaipur,3.1,2024-09-06
CUST_0295,Ritu Agarwal 72,Kolkata,4.3,2023-02-25
CUST_0296,Pooja Joshi 86,Pune,4.7,2024-01-09
CUST_0297,Priya Patel 37,Lucknow,3.6,2022-04-17
CUST_0298,Manish Tiwari 65,Hyderabad,3.3,2023-05-09
CUST_0299,Divya Nair 14,Kolkata,4.7,2023-01-12
CUST_0300,Sneha Gupta 98,Chennai,4.1,2024-04-06
CUST_0301,Nisha Kapoor 72,Lucknow,4.2,2023-10-21
CUST_0302,Ritu Agarwal 4,Lucknow,4.9,2024-04-29
CUST_0303,Arjun Das 4,Bangalore,3.5,2024-02-20
CUST_0304,Meera Iyer 44,Kolkata,3.0,2024-06-09
CUST_0305,Vikram Singh 73,Pune,3.1,2024-01-29
CUST_0306,Aarav Sharma 12,Jaipur,3.4,2023-03-06
CUST_0307,Siddharth Bhat 44,Bangalore,3.7,2024-01-09
CUST_0308,Rahul Verma 73,Lucknow,3.2,2022-02-23
CUST_0309,Vikram Singh 21,Lucknow,3.1,2022-03-25
CUST_0310,Arjun Das 57,Pune,4.0,2023-03-29
CUST_0311,Nisha Kapoor 35,Hyderabad,4.5,2022-04-27
CUST_0312,Pooja Joshi 56,Delhi,3.6,2023-11-26
CUST_0313,Manish Tiwari 63,Jaipur,4.3,2022-02-16
CUST_0314,Divya Nair 51,Lucknow,3.1,2022-07-29
CUST_0315,Meera Iyer 28,Bangalore,4.5,2022-10-24
CUST_0316,Rahul Verma 16,Mumbai,4.0,2023-03-17
CUST_0317,Ananya Reddy 17,Pune,4.1,2022-08-24
CUST_0318,Nikhil Saxena 72,Kolkata,3.1,2024-06-01
CUST_0319,Priya Patel 56,Mumbai,3.9,2022-03-21
CUST_0320,Rahul Verma 74,Pune,4.1,2023-12-28
CUST_0321,Nisha Kapoor 38,Delhi,3.8,2024-09-16
CUST_0322,Rahul Verma 22,Lucknow,3.9,2023-12-08
CUST_0323,Pooja Joshi 12,Pune,4.7,2022-09-07
CUST_0324,Nisha Kapoor 76,Pune,4.0,2023-02-10
CUST_0325,Meera Iyer 96,Kolkata,3.4,2024-03-08
CUST_0326,Ananya Reddy 10,Jaipur,4.3,2023-06-28
CUST_0327,Nikhil Saxena 25,Kolkata,3.7,2024-09-08
CUST_0328,Vikram Singh 31,Delhi,3.3,2022-07-22
CUST_0329,Ananya Reddy 78,Bangalore,4.5,2023-11-03
CUST_0330,Rohan Kumar 23,Ahmedabad,3.9,2023-08-01
CUST_0331,Manish Tiwari 58,Lucknow,4.3,2023-10-02
CUST_0332,Rahul Verma 81,Kolkata,3.3,2022-03-11
CUST_0333,Kavya Menon 57,Chennai,4.6,2023-08-29
CUST_0334,Priya Patel 46,Jaipur,3.1,2023-04-18
CUST_0335,Siddharth Bhat 5,Mumbai,3.7,2022-10-21
CUST_0336,Rohan Kumar 83,Delhi,4.2,2023-06-04
CUST_0337,Aditya Rao 60,Lucknow,4.1,2024-03-21
CUST_0338,Priya Patel 58,Lucknow,4.3,2022-11-26
CUST_0339,Simran Kaur 61,Jaipur,3.3,2022-03-05
CUST_0340,Siddharth Bhat 14,Kolkata,5.0,2022-03-28
CUST_0341,Nikhil Saxena 83,Bangalore,3.1,2023-12-26
CUST_0342,Siddharth Bhat 57,Jaipur,4.0,2022-06-12
CUST_0343,Pooja Joshi 48,Chennai,3.8,2024-03-04
CUST_0344,Rahul Verma 87,Lucknow,3.1,2023-10-09
CUST_0345,Rahul Verma 9,Kolkata,3.2,2023-11-26
CUST_0346,Aditya Rao 37,Chennai,4.4,2023-11-04
CUST_0347,Simran Kaur 20,Kolkata,3.2,2023-11-11
CUST_0348,Vikram Singh 45,Chennai,4.9,2023-12-17
CUST_0349,Aditya Rao 17,Lucknow,4.4,2022-03-28
CUST_0350,Meera Iyer 72,Pune,4.3,2022-12-03
CUST_0351,Vikram Singh 86,Jaipur,3.2,2023-11-18
CUST_0352,Nisha Kapoor 66,Kolkata,3.0,2022-11-13
CUST_0353,Ananya Reddy 28,Kolkata,4.9,2023-05-13
CUST_0354,Karan Mehta 29,Bangalore,3.3,2022-10-30
CUST_0355,Sneha Gupta 65,Jaipur,4.7,2024-06-23
CUST_0356,Nikhil Saxena 5,Kolkata,4.8,2023-09-25
CUST_0357,Vikram Singh 77,Pune,3.3,2022-07-05
CUST_0358,Simran Kaur 22,Ahmedabad,3.1,2023-01-09
CUST_0359,Divya Nair 57,Lucknow,3.6,2024-02-06
CUST_0360,Siddharth Bhat 30,Jaipur,3.5,2024-09-15
CUST_0361,Kavya Menon 25,Kolkata,4.4,2023-08-08
CUST_0362,Siddharth Bhat 60,Chennai,4.6,2023-05-30
CUST_0363,Nikhil Saxena 54,Bangalore,4.6,2024-03-31
CUST_0364,Simran Kaur 18,Chennai,3.1,2023-05-08
CUST_0365,Pooja Joshi 71,Delhi,4.4,2023-06-13
CUST_0366,Sneha Gupta 37,Delhi,4.5,2022-10-07
CUST_0367,Siddharth Bhat 66,Bangalore,4.7,2022-04-04
CUST_0368,Divya Nair 58,Kolkata,4.9,2023-03-01
CUST_0369,Priya Patel 51,Jaipur,3.7,2023-01-31
CUST_0370,Rohan Kumar 48,Hyderabad,3.1,2024-08-11
CUST_0371,Sneha Gupta 92,Kolkata,4.6,2022-05-21
CUST_0372,Priya Patel 37,Ahmedabad,4.4,2022-05-23
CUST_0373,Kavya Menon 58,Lucknow,3.0,2022-03-23
CUST_0374,Aarav Sharma 33,Hyderabad,4.7,2023-07-16
CUST_0375,Simran Kaur 68,Pune,3.2,2022-10-23
CUST_0376,Divya Nair 39,Delhi,3.1,2023-03-06
CUST_0377,Simran Kaur 59,Delhi,3.2,2024-07-15
CUST_0378,Kavya Menon 77,Jaipur,3.0,2023-06-12
CUST_0379,Manish Tiwari 31,Bangalore,3.6,2022-01-02
CUST_0380,Simran Kaur 46,Hyderabad,4.1,2022-07-11
CUST_0381,Rohan Kumar 68,Kolkata,3.1,2023-06-23
CUST_0382,Ritu Agarwal 65,Jaipur,4.1,2023-02-04
CUST_0383,Kavya Menon 6,Pune,5.0,2022-09-17
CUST_0384,Aarav Sharma 46,Delhi,3.7,2024-01-21
CUST_0385,Sneha Gupta 99,Lucknow,4.5,2022-12-07
CUST_0386,Vikram Singh 6,Kolkata,4.1,2024-04-13
CUST_0387,Ananya Reddy 88,Ahmedabad,5.0,2023-05-06
CUST_0388,Ananya Reddy 18,Delhi,4.4,2024-08-24
CUST_0389,Siddharth Bhat 5,Chennai,3.4,2024-03-21
CUST_0390,Karan Mehta 6,Kolkata,4.9,2023-06-12
CUST_0391,Aditya Rao 70,Ahmedabad,3.5,2024-02-11
CUST_0392,Karan Mehta 37,Kolkata,4.7,2022-02-18
CUST_0393,Rahul Verma 35,Delhi,4.6,2023-03-24
CUST_0394,Aditya Rao 96,Ahmedabad,4.8,2023-01-31
CUST_0395,Rahul Verma 24,Ahmedabad,4.4,2023-01-12
CUST_0396,Nikhil Saxena 35,Delhi,4.5,2022-03-22
CUST_0397,Nisha Kapoor 78,Bangalore,4.1,2022-11-25
CUST_0398,Sneha Gupta 11,Kolkata,4.3,2022-11-10
CUST_0399,Siddharth Bhat 78,Pune,3.3,2023-03-31
CUST_0400,Pooja Joshi 58,Mumbai,4.5,2024-07-22
CUST_0401,Pooja Joshi 79,Pune,3.5,2024-03-21
CUST_0402,Priya Patel 10,Pune,3.7,2024-03-31
CUST_0403,Ananya Reddy 4,Bangalore,4.7,2023-11-26
CUST_0404,Siddharth Bhat 5,Bangalore,3.1,2024-03-08
CUST_0405,Pooja Joshi 47,Pune,4.9,2022-02-03
CUST_0406,Simran Kaur 20,Ahmedabad,4.9,2023-01-16
CUST_0407,Siddharth Bhat 98,Delhi,4.1,2023-06-27
CUST_0408,Pooja Joshi 51,Kolkata,4.3,2022-09-13
CUST_0409,Sneha Gupta 4,Bangalore,4.0,2023-02-01
CUST_0410,Ritu Agarwal 16,Chennai,4.5,2023-12-22
CUST_0411,Siddharth Bhat 28,Lucknow,3.6,2024-07-27
CUST_0412,Kavya Menon 26,Delhi,3.3,2022-03-17
CUST_0413,Siddharth Bhat 23,Ahmedabad,5.0,2024-04-09
CUST_0414,Rahul Verma 86,Kolkata,4.4,2023-07-18
CUST_0415,Ritu Agarwal 38,Chennai,4.7,2023-12-30
CUST_0416,Ananya Reddy 47,Jaipur,3.4,2022-07-25
CUST_0417,Vikram Singh 31,Ahmedabad,3.1,2023-07-22
CUST_0418,Manish Tiwari 48,Ahmedabad,4.6,2023-07-19
CUST_0419,Vikram Singh 79,Delhi,3.1,2023-02-12
CUST_0420,Kavya Menon 68,Pune,4.5,2024-04-23
CUST_0421,Manish Tiwari 10,Bangalore,4.9,2023-10-20
CUST_0422,Rohan Kumar 58,Ahmedabad,4.4,2022-12-19
CUST_0423,Vikram Singh 71,Lucknow,3.4,2024-09-16
CUST_0424,Vikram Singh 56,Jaipur,4.8,2022-02-26
CUST_0425,Sneha Gupta 67,Bangalore,3.6,2022-06-15
CUST_0426,Rahul Verma 91,Hyderabad,3.7,2024-08-21
CUST_0427,Nikhil Saxena 37,Delhi,3.5,2023-10-13
CUST_0428,Ritu Agarwal 36,Bangalore,4.3,2023-09-22
CUST_0429,Ritu Agarwal 12,Jaipur,4.3,2023-08-30
CUST_0430,Manish Tiwari 20,Bangalore,4.3,2024-01-08
CUST_0431,Simran Kaur 44,Lucknow,3.1,2024-06-03
CUST_0432,Aarav Sharma 11,Mumbai,4.9,2024-02-29
CUST_0433,Manish Tiwari 34,Hyderabad,4.5,2023-03-03
CUST_0434,Simran Kaur 82,Mumbai,4.0,2023-10-05
CUST_0435,Ritu Agarwal 38,Chennai,4.0,2024-04-04
CUST_0436,Aditya Rao 39,Ahmedabad,3.1,2022-03-03
CUST_0437,Ananya Reddy 57,Pune,4.0,2022-07-28
CUST_0438,Rahul Verma 78,Bangalore,3.6,2024-01-06
CUST_0439,Rahul Verma 94,Kolkata,5.0,2022-05-14
CUST_0440,Pooja Joshi 66,Jaipur,3.2,2022-09-05
CUST_0441,Siddharth Bhat 16,Chennai,3.9,2022-05-25
CUST_0442,Sneha Gupta 7,Chennai,4.9,2024-06-03
CUST_0443,Simran Kaur 54,Hyderabad,4.9,2024-07-12
CUST_0444,Ananya Reddy 42,Lucknow,4.4,2022-07-14
CUST_0445,Ananya Reddy 64,Jaipur,3.9,2024-06-19
CUST_0446,Meera Iyer 64,Mumbai,3.2,2023-02-07
CUST_0447,Nikhil Saxena 59,Hyderabad,3.4,2022-12-28
CUST_0448,Priya Patel 7,Chennai,4.0,2024-06-22
CUST_0449,Kavya Menon 37,Jaipur,3.0,2022-04-21
CUST_0450,Nisha Kapoor 18,Chennai,4.5,2024-02-22
CUST_0451,Aditya Rao 47,Mumbai,3.8,2023-08-07
CUST_0452,Ritu Agarwal 25,Kolkata,4.1,2022-03-17
CUST_0453,Aditya Rao 65,Ahmedabad,4.5,2022-10-14
CUST_0454,Simran Kaur 88,Lucknow,3.2,2024-09-25
CUST_0455,Sneha Gupta 51,Kolkata,4.6,2022-12-14
CUST_0456,Ritu Agarwal 47,Bangalore,3.4,2023-06-06
CUST_0457,Aditya Rao 65,Mumbai,3.1,2022-05-21
CUST_0458,Rahul Verma 61,Jaipur,3.9,2023-09-13
CUST_0459,Nikhil Saxena 18,Kolkata,4.9,2022-11-23
CUST_0460,Ananya Reddy 51,Lucknow,4.5,2022-11-03
CUST_0461,Manish Tiwari 44,Jaipur,4.7,2023-06-30
CUST_0462,Kavya Menon 91,Lucknow,3.6,2024-04-15
CUST_0463,Aarav Sharma 48,Kolkata,4.3,2023-03-03
CUST_0464,Manish Tiwari 40,Mumbai,4.2,2022-09-29
CUST_0465,Manish Tiwari 74,Hyderabad,4.4,2023-08-21
CUST_0466,Kavya Menon 22,Jaipur,4.3,2023-09-27
CUST_0467,Aditya Rao 19,Hyderabad,3.1,2024-08-28
CUST_0468,Sneha Gupta 25,Mumbai,3.9,2023-03-05
CUST_0469,Vikram Singh 53,Hyderabad,3.8,2024-03-04
CUST_0470,Simran Kaur 61,Mumbai,4.4,2023-06-16
CUST_0471,Karan Mehta 72,Kolkata,5.0,2023-05-05
CUST_0472,Nikhil Saxena 49,Kolkata,4.9,2023-04-16
CUST_0473,Ritu Agarwal 44,Jaipur,3.7,2024-03-01
CUST_0474,Arjun Das 79,Ahmedabad,3.4,2022-09-10
CUST_0475,Arjun Das 72,Chennai,3.4,2024-09-23
CUST_0476,Meera Iyer 99,Chennai,4.4,2023-12-08
CUST_0477,Kavya Menon 41,Ahmedabad,3.7,2024-08-14
CUST_0478,Arjun Das 37,Delhi,4.1,2023-07-11
CUST_0479,Aditya Rao 51,Kolkata,4.9,2024-04-03
CUST_0480,Vikram Singh 38,Mumbai,3.6,2024-01-02
CUST_0481,Rohan Kumar 45,Ahmedabad,4.3,2024-02-05
CUST_0482,Kavya Menon 28,Hyderabad,4.7,2022-10-05
CUST_0483,Ritu Agarwal 90,Chennai,3.3,2023-09-23
CUST_0484,Manish Tiwari 31,Hyderabad,3.1,2024-07-15
CUST_0485,Nikhil Saxena 29,Hyderabad,3.1,2023-02-28
CUST_0486,Rahul Verma 92,Ahmedabad,3.2,2024-02-29
CUST_0487,Vikram Singh 1,Jaipur,5.0,2022-06-11
CUST_0488,Nisha Kapoor 84,Ahmedabad,4.0,2022-07-24
CUST_0489,Meera Iyer 42,Chennai,4.3,2024-07-18
CUST_0490,Rohan Kumar 84,Lucknow,3.5,2024-01-27
CUST_0491,Priya Patel 23,Pune,4.8,2022-06-30
CUST_0492,Priya Patel 51,Ahmedabad,3.4,2024-02-06
CUST_0493,Meera Iyer 5,Mumbai,3.6,2023-09-10
CUST_0494,Sneha Gupta 43,Chennai,3.9,2023-10-19
CUST_0495,Ritu Agarwal 68,Ahmedabad,4.8,2022-05-18
CUST_0496,Nikhil Saxena 60,Chennai,3.4,2022-04-26
CUST_0497,Rahul Verma 21,Ahmedabad,4.3,2024-01-06
CUST_0498,Ananya Reddy 2,Kolkata,4.6,2023-08-05
CUST_0499,Karan Mehta 23,Lucknow,4.7,2024-07-07
CUST_0500,Aditya Rao 55,Jaipur,3.7,2023-02-15
CUST_0501,Sneha Gupta 24,Bangalore,4.0,2024-08-16
CUST_0502,Divya Nair 1,Chennai,3.8,2023-04-03
CUST_0503,Arjun Das 43,Chennai,4.2,2023-08-10
CUST_0504,Aarav Sharma 34,Kolkata,4.4,2022-03-05
CUST_0505,Sneha Gupta 60,Chennai,3.3,2023-12-04
CUST_0506,Nikhil Saxena 91,Chennai,4.4,2023-10-17
CUST_0507,Meera Iyer 48,Lucknow,3.4,2024-09-07
CUST_0508,Vikram Singh 62,Bangalore,3.9,2023-09-13
CUST_0509,Pooja Joshi 54,Jaipur,4.8,2024-02-15
CUST_0510,Ritu Agarwal 86,Hyderabad,4.5,2023-11-28
CUST_0511,Simran Kaur 11,Jaipur,3.9,2023-12-22
CUST_0512,Pooja Joshi 10,Lucknow,3.2,2024-04-28
CUST_0513,Ritu Agarwal 65,Hyderabad,4.1,2022-06-03
CUST_0514,Ananya Reddy 42,Jaipur,3.9,2023-11-28
CUST_0515,Karan Mehta 92,Lucknow,4.0,2024-07-09
CUST_0516,Nikhil Saxena 58,Mumbai,3.9,2023-06-10
CUST_0517,Nisha Kapoor 59,Lucknow,3.1,2023-04-19
CUST_0518,Meera Iyer 93,Mumbai,3.8,2024-04-16
CUST_0519,Aarav Sharma 96,Hyderabad,4.2,2022-02-16
CUST_0520,Nisha Kapoor 45,Delhi,4.1,2022-03-03
CUST_0521,Rohan Kumar 61,Mumbai,3.6,2022-07-04
CUST_0522,Vikram Singh 99,Pune,3.7,2024-07-01
CUST_0523,Aditya Rao 58,Pune,3.8,2023-12-01
CUST_0524,Ritu Agarwal 18,Kolkata,3.2,2023-07-05
CUST_0525,Aditya Rao 68,Bangalore,4.5,2022-08-17
CUST_0526,Aarav Sharma 97,Mumbai,5.0,2023-04-20
CUST_0527,Ritu Agarwal 55,Jaipur,3.8,2022-08-24
CUST_0528,Divya Nair 59,Kolkata,3.3,2022-07-13
CUST_0529,Sneha Gupta 5,Pune,4.2,2024-08-16
CUST_0530,Aarav Sharma 31,Hyderabad,3.1,2023-09-01
CUST_0531,Priya Patel 58,Lucknow,4.3,2024-06-12
CUST_0532,Priya Patel 32,Mumbai,3.8,2022-08-28
CUST_0533,Ritu Agarwal 28,Mumbai,3.3,2022-10-24
CUST_0534,Divya Nair 94,Lucknow,3.6,2023-09-05
CUST_0535,Rahul Verma 31,Chennai,4.8,2023-11-08
CUST_0536,Nikhil Saxena 29,Pune,3.6,2022-03-04
CUST_0537,Ritu Agarwal 76,Bangalore,4.3,2023-03-14
CUST_0538,Ritu Agarwal 64,Mumbai,4.9,2024-08-22
CUST_0539,Aditya Rao 68,Kolkata,4.4,2023-02-23
CUST_0540,Vikram Singh 39,Pune,3.4,2023-07-05
CUST_0541,Kavya Menon 31,Hyderabad,3.6,2023-12-26
CUST_0542,Vikram Singh 60,Mumbai,4.1,2024-09-18
CUST_0543,Nisha Kapoor 72,Jaipur,3.3,2022-09-06
CUST_0544,Arjun Das 27,Kolkata,4.3,2024-08-02
CUST_0545,Siddharth Bhat 48,Delhi,4.1,2024-04-29
CUST_0546,Karan Mehta 7,Chennai,3.8,2023-09-12
CUST_0547,Simran Kaur 6,Delhi,3.4,2024-02-19
CUST_0548,Manish Tiwari 93,Jaipur,3.4,2022-08-02
CUST_0549,Rahul Verma 39,Mumbai,3.4,2022-07-14
CUST_0550,Sneha Gupta 96,Ahmedabad,4.8,2023-12-14
CUST_0551,Simran Kaur 91,Hyderabad,3.8,2022-09-03
CUST_0552,Ritu Agarwal 42,Chennai,3.8,2023-07-01
CUST_0553,Pooja Joshi 40,Chennai,3.7,2024-06-22
CUST_0554,Kavya Menon 60,Delhi,4.6,2024-01-10
CUST_0555,Kavya Menon 98,Kolkata,4.8,2023-01-15
CUST_0556,Rahul Verma 53,Mumbai,4.1,2022-08-15
CUST_0557,Vikram Singh 3,Chennai,4.1,2023-08-22
CUST_0558,Manish Tiwari 93,Pune,3.6,2022-07-20
CUST_0559,Rahul Verma 30,Pune,4.1,2022-09-09
CUST_0560,Kavya Menon 71,Kolkata,3.5,2024-04-21
CUST_0561,Kavya Menon 93,Ahmedabad,3.9,2024-01-21
CUST_0562,Pooja Joshi 22,Bangalore,4.4,2023-05-16
CUST_0563,Ananya Reddy 70,Mumbai,4.0,2024-05-09
CUST_0564,Rohan Kumar 86,Mumbai,4.5,2023-02-27
CUST_0565,Vikram Singh 81,Hyderabad,3.1,2022-06-04
CUST_0566,Aarav Sharma 28,Jaipur,3.9,2022-03-03
CUST_0567,Simran Kaur 82,Lucknow,4.8,2023-11-07
CUST_0568,Kavya Menon 3,Mumbai,4.1,2023-02-26
CUST_0569,Aarav Sharma 3,Jaipur,4.4,2023-07-03
CUST_0570,Meera Iyer 3,Jaipur,4.6,2023-11-22
CUST_0571,Nisha Kapoor 23,Delhi,4.8,2023-06-21
CUST_0572,Vikram Singh 31,Hyderabad,4.2,2022-09-16
CUST_0573,Pooja Joshi 35,Pune,3.2,2024-09-09
CUST_0574,Aditya Rao 59,Lucknow,3.5,2023-12-15
CUST_0575,Divya Nair 39,Delhi,4.3,2024-05-28
CUST_0576,Priya Patel 12,Pune,3.8,2023-07-20
CUST_0577,Kavya Menon 8,Mumbai,4.4,2022-03-26
CUST_0578,Kavya Menon 56,Kolkata,4.1,2024-05-28
CUST_0579,Sneha Gupta 68,Mumbai,3.5,2024-07-11
CUST_0580,Manish Tiwari 61,Chennai,3.1,2022-03-18
CUST_0581,Arjun Das 70,Lucknow,4.3,2022-07-03
CUST_0582,Rahul Verma 3,Hyderabad,4.2,2024-02-10
CUST_0583,Aditya Rao 10,Chennai,3.3,2022-09-04
CUST_0584,Manish Tiwari 50,Jaipur,3.7,2024-02-13
CUST_0585,Vikram Singh 89,Delhi,4.0,2024-09-24
CUST_0586,Pooja Joshi 7,Delhi,3.9,2024-05-08
CUST_0587,Rohan Kumar 44,Lucknow,4.5,2024-09-04
CUST_0588,Simran Kaur 51,Kolkata,3.1,2022-10-07
CUST_0589,Siddharth Bhat 63,Hyderabad,3.7,2024-08-21
CUST_0590,Aditya Rao 56,Bangalore,4.4,2023-11-08
CUST_0591,Aditya Rao 11,Lucknow,3.6,2022-09-10
CUST_0592,Rohan Kumar 11,Chennai,3.3,2023-12-30
CUST_0593,Vikram Singh 95,Pune,3.6,2022-04-20
CUST_0594,Rohan Kumar 1,Chennai,3.9,2024-02-19
CUST_0595,Arjun Das 14,Bangalore,3.2,2023-03-18
CUST_0596,Siddharth Bhat 72,Jaipur,4.0,2022-04-16
CUST_0597,Aarav Sharma 12,Kolkata,4.1,2023-09-04
CUST_0598,Simran Kaur 42,Pune,3.0,2023-02-28
CUST_0599,Aditya Rao 11,Jaipur,4.8,2022-09-06
CUST_0600,Manish Tiwari 67,Bangalore,4.4,2022-06-23
CUST_0601,Vikram Singh 35,Chennai,3.5,2022-05-30
CUST_0602,Rohan Kumar 22,Pune,3.6,2022-11-03
CUST_0603,Kavya Menon 10,Kolkata,3.5,2022-09-10
CUST_0604,Kavya Menon 77,Lucknow,3.4,2022-04-20
CUST_0605,Vikram Singh 39,Mumbai,4.9,2022-12-07
CUST_0606,Simran Kaur 49,Kolkata,3.9,2023-03-17
CUST_0607,Simran Kaur 18,Chennai,3.6,2024-08-28
CUST_0608,Karan Mehta 62,Kolkata,3.4,2023-02-12
CUST_0609,Rahul Verma 38,Ahmedabad,4.9,2024-03-11
CUST_0610,Divya Nair 42,Pune,3.6,2024-03-15
CUST_0611,Aditya Rao 47,Delhi,4.9,2022-07-24
CUST_0612,Manish Tiwari 70,Bangalore,4.4,2023-07-18
CUST_0613,Aarav Sharma 94,Ahmedabad,4.9,2022-08-03
CUST_0614,Siddharth Bhat 38,Delhi,4.6,2024-03-25
CUST_0615,Nisha Kapoor 87,Ahmedabad,3.3,2022-11-07
CUST_0616,Divya Nair 33,Bangalore,4.4,2024-03-19
CUST_0617,Aditya Rao 10,Ahmedabad,5.0,2023-05-06
CUST_0618,Manish Tiwari 52,Jaipur,4.0,2024-07-31
CUST_0619,Nisha Kapoor 70,Mumbai,4.6,2023-01-04
CUST_0620,Ritu Agarwal 77,Delhi,3.2,2022-09-12
CUST_0621,Pooja Joshi 22,Lucknow,3.1,2023-10-23
CUST_0622,Aditya Rao 97,Kolkata,4.9,2023-03-17
CUST_0623,Sneha Gupta 2,Delhi,3.5,2023-06-07
CUST_0624,Nikhil Saxena 72,Lucknow,4.4,2022-08-15
CUST_0625,Siddharth Bhat 48,Pune,3.9,2023-11-27
CUST_0626,Manish Tiwari 89,Jaipur,3.3,2022-01-26
CUST_0627,Kavya Menon 14,Chennai,3.8,2024-09-11
CUST_0628,Rohan Kumar 15,Bangalore,3.7,2022-12-18
CUST_0629,Siddharth Bhat 27,Jaipur,4.0,2023-05-03
CUST_0630,Sneha Gupta 57,Ahmedabad,3.6,2022-11-04
CUST_0631,Priya Patel 91,Delhi,3.0,2022-12-18
CUST_0632,Sneha Gupta 87,Bangalore,4.9,2024-01-29
CUST_0633,Divya Nair 67,Bangalore,4.1,2022-12-05
CUST_0634,Ritu Agarwal 55,Ahmedabad,3.5,2023-02-19
CUST_0635,Ananya Reddy 24,Pune,3.8,2024-01-26
CUST_0636,Simran Kaur 26,Ahmedabad,4.2,2023-02-03
CUST_0637,Aarav Sharma 91,Hyderabad,3.4,2024-02-10
CUST_0638,Rohan Kumar 74,Delhi,4.6,2023-07-04
CUST_0639,Ananya Reddy 47,Kolkata,3.4,2022-04-27
CUST_0640,Arjun Das 86,Ahmedabad,4.1,2023-10-17
CUST_0641,Rahul Verma 77,Pune,4.2,2023-08-25
CUST_0642,Sneha Gupta 45,Kolkata,4.7,2023-09-25
CUST_0643,Ananya Reddy 87,Chennai,4.8,2023-08-28
CUST_0644,Rohan Kumar 87,Bangalore,3.6,2022-09-02
CUST_0645,Meera Iyer 15,Bangalore,3.7,2022-05-25
CUST_0646,Nikhil Saxena 50,Pune,4.2,2023-08-12
CUST_0647,Aditya Rao 55,Bangalore,4.0,2023-07-05
CUST_0648,Ananya Reddy 72,Bangalore,4.0,2022-05-24
CUST_0649,Ananya Reddy 41,Ahmedabad,4.2,2024-06-05
CUST_0650,Pooja Joshi 2,Ahmedabad,3.3,2024-04-14
CUST_0651,Aditya Rao 72,Jaipur,4.3,2023-02-23
CUST_0652,Kavya Menon 54,Ahmedabad,4.0,2022-03-26
CUST_0653,Manish Tiwari 4,Hyderabad,3.6,2022-10-09
CUST_0654,Divya Nair 69,Chennai,3.3,2023-04-14
CUST_0655,Manish Tiwari 96,Ahmedabad,4.1,2022-04-26
CUST_0656,Manish Tiwari 15,Chennai,4.6,2024-04-23
CUST_0657,Pooja Joshi 70,Mumbai,4.5,2023-03-28
CUST_0658,Ritu Agarwal 28,Pune,3.2,2024-04-29
CUST_0659,Divya Nair 39,Mumbai,3.9,2022-12-23
CUST_0660,Rohan Kumar 57,Delhi,4.6,2022-08-31
CUST_0661,Karan Mehta 95,Lucknow,4.4,2024-05-31
CUST_0662,Simran Kaur 81,Pune,3.3,2022-05-23
CUST_0663,Karan Mehta 27,Mumbai,4.1,2023-06-30
CUST_0664,Arjun Das 77,Jaipur,3.3,2023-12-22
CUST_0665,Meera Iyer 38,Lucknow,3.5,2024-05-28
CUST_0666,Nikhil Saxena 87,Delhi,3.3,2024-02-08
CUST_0667,Nisha Kapoor 8,Chennai,4.7,2022-05-10
CUST_0668,Vikram Singh 32,Bangalore,4.4,2024-04-28
CUST_0669,Divya Nair 98,Pune,4.0,2023-08-15
CUST_0670,Arjun Das 81,Pune,3.8,2022-03-19
CUST_0671,Rohan Kumar 52,Jaipur,4.5,2023-12-13
CUST_0672,Pooja Joshi 59,Ahmedabad,3.7,2022-01-03
CUST_0673,Rohan Kumar 94,Ahmedabad,4.3,2023-12-16
CUST_0674,Pooja Joshi 9,Jaipur,3.8,2024-09-18
CUST_0675,Nisha Kapoor 28,Ahmedabad,3.5,2024-04-28
CUST_0676,Meera Iyer 44,Jaipur,4.2,2023-08-03
CUST_0677,Kavya Menon 44,Mumbai,3.1,2023-10-04
CUST_0678,Siddharth Bhat 3,Delhi,4.9,2022-06-11
CUST_0679,Siddharth Bhat 59,Mumbai,5.0,2023-03-15
CUST_0680,Karan Mehta 89,Bangalore,4.8,2022-11-06
CUST_0681,Ananya Reddy 36,Delhi,4.3,2022-09-14
CUST_0682,Rohan Kumar 48,Bangalore,3.1,2023-10-03
CUST_0683,Meera Iyer 93,Hyderabad,3.9,2022-04-04
CUST_0684,Sneha Gupta 1,Hyderabad,4.0,2022-05-16
CUST_0685,Manish Tiwari 29,Jaipur,4.4,2022-01-10
CUST_0686,Aarav Sharma 90,Kolkata,4.6,2024-05-30
CUST_0687,Nisha Kapoor 89,Bangalore,4.0,2022-08-23
CUST_0688,Aditya Rao 12,Delhi,3.2,2023-01-12
CUST_0689,Meera Iyer 18,Pune,4.5,2024-02-11
CUST_0690,Vikram Singh 83,Bangalore,3.1,2023-07-31
CUST_0691,Aarav Sharma 79,Bangalore,3.9,2024-01-10
CUST_0692,Karan Mehta 81,Bangalore,4.8,2023-09-23
CUST_0693,Siddharth Bhat 28,Delhi,4.8,2022-05-24
CUST_0694,Sneha Gupta 76,Pune,3.7,2023-03-16
CUST_0695,Rahul Verma 18,Hyderabad,3.6,2022-03-28
CUST_0696,Divya Nair 71,Lucknow,4.2,2023-09-15
CUST_0697,Meera Iyer 89,Mumbai,4.7,2023-11-06
CUST_0698,Meera Iyer 27,Jaipur,4.2,2022-07-13
CUST_0699,Aditya Rao 38,Mumbai,4.6,2024-03-23
CUST_0700,Divya Nair 64,Pune,3.2,2023-05-27
CUST_0701,Simran Kaur 10,Jaipur,4.8,2022-01-13
CUST_0702,Pooja Joshi 41,Bangalore,3.8,2024-05-09
CUST_0703,Manish Tiwari 54,Kolkata,4.1,2022-06-26
CUST_0704,Kavya Menon 99,Delhi,3.0,2022-03-11
CUST_0705,Aarav Sharma 34,Hyderabad,3.1,2022-03-03
CUST_0706,Aditya Rao 65,Chennai,4.3,2023-05-29
CUST_0707,Nisha Kapoor 55,Pune,3.2,2023-07-04
CUST_0708,Ritu Agarwal 79,Bangalore,3.6,2022-11-14
CUST_0709,Rohan Kumar 66,Hyderabad,4.9,2022-06-09
CUST_0710,Ritu Agarwal 42,Pune,4.2,2024-02-21
CUST_0711,Rohan Kumar 40,Pune,4.5,2024-05-16
CUST_0712,Divya Nair 8,Hyderabad,3.2,2023-03-21
CUST_0713,Sneha Gupta 59,Lucknow,4.2,2022-11-13
CUST_0714,Ananya Reddy 16,Mumbai,4.4,2023-12-20
CUST_0715,Aarav Sharma 21,Ahmedabad,4.9,2023-06-20
CUST_0716,Nikhil Saxena 93,Chennai,3.3,2022-05-10
CUST_0717,Arjun Das 94,Delhi,4.5,2022-01-31
CUST_0718,Rahul Verma 55,Chennai,4.0,2022-09-27
CUST_0719,Manish Tiwari 81,Delhi,4.0,2023-06-08
CUST_0720,Pooja Joshi 8,Ahmedabad,4.7,2022-06-20
CUST_0721,Pooja Joshi 21,Chennai,4.5,2024-07-04
CUST_0722,Manish Tiwari 87,Delhi,3.5,2023-06-06
CUST_0723,Aarav Sharma 6,Mumbai,3.5,2023-04-29
CUST_0724,Pooja Joshi 50,Bangalore,3.4,2024-09-10
CUST_0725,Priya Patel 71,Pune,3.4,2022-09-12
CUST_0726,Nisha Kapoor 93,Kolkata,3.5,2022-03-21
CUST_0727,Manish Tiwari 48,Delhi,4.0,2024-07-12
CUST_0728,Priya Patel 23,Hyderabad,4.6,2022-02-17
CUST_0729,Aditya Rao 9,Ahmedabad,4.7,2024-03-03
CUST_0730,Meera Iyer 42,Delhi,4.1,2022-01-09
CUST_0731,Pooja Joshi 26,Chennai,4.1,2022-11-08
CUST_0732,Simran Kaur 32,Ahmedabad,3.7,2024-09-22
CUST_0733,Kavya Menon 99,Hyderabad,4.5,2023-07-14
CUST_0734,Divya Nair 20,Mumbai,4.9,2022-01-25
CUST_0735,Divya Nair 70,Kolkata,4.3,2023-12-12
CUST_0736,Aarav Sharma 43,Mumbai,4.5,2023-01-21
CUST_0737,Meera Iyer 14,Hyderabad,4.1,2022-09-01
CUST_0738,Nisha Kapoor 63,Mumbai,4.9,2022-05-26
CUST_0739,Arjun Das 12,Mumbai,4.8,2024-07-07
CUST_0740,Nikhil Saxena 53,Kolkata,3.9,2024-02-05
CUST_0741,Rohan Kumar 75,Delhi,4.0,2023-10-15
CUST_0742,Aditya Rao 10,Lucknow,4.1,2023-03-22
CUST_0743,Vikram Singh 31,Chennai,3.5,2022-11-19
CUST_0744,Aditya Rao 90,Kolkata,3.6,2022-10-06
CUST_0745,Divya Nair 10,Hyderabad,3.3,2024-02-28
CUST_0746,Manish Tiwari 14,Bangalore,3.2,2023-04-06
CUST_0747,Siddharth Bhat 41,Pune,3.2,2023-01-02
CUST_0748,Karan Mehta 58,Chennai,3.9,2024-05-22
CUST_0749,Sneha Gupta 12,Bangalore,4.6,2022-11-08
CUST_0750,Simran Kaur 6,Hyderabad,4.7,2022-12-02
CUST_0751,Vikram Singh 12,Hyderabad,4.9,2023-02-10
CUST_0752,Nikhil Saxena 7,Chennai,3.5,2022-06-28
CUST_0753,Aarav Sharma 52,Ahmedabad,4.1,2023-07-18
CUST_0754,Divya Nair 13,Ahmedabad,3.2,2024-03-23
CUST_0755,Vikram Singh 16,Mumbai,3.1,2024-03-10
CUST_0756,Divya Nair 17,Hyderabad,4.6,2023-01-17
CUST_0757,Rohan Kumar 75,Lucknow,3.5,2024-04-12
CUST_0758,Rohan Kumar 3,Delhi,3.4,2023-10-24
CUST_0759,Siddharth Bhat 17,Delhi,4.8,2024-04-29
CUST_0760,Rahul Verma 16,Mumbai,4.9,2022-02-21
CUST_0761,Ananya Reddy 74,Pune,4.6,2023-02-09
CUST_0762,Kavya Menon 4,Pune,4.4,2022-06-26
CUST_0763,Pooja Joshi 28,Bangalore,3.5,2023-04-02
CUST_0764,Vikram Singh 5,Lucknow,4.2,2022-09-09
CUST_0765,Meera Iyer 64,Pune,4.8,2023-05-06
CUST_0766,Priya Patel 12,Chennai,3.8,2023-03-06
CUST_0767,Karan Mehta 83,Jaipur,3.5,2024-04-01
CUST_0768,Ritu Agarwal 3,Pune,4.6,2023-01-03
CUST_0769,Kavya Menon 70,Ahmedabad,3.7,2023-08-03
CUST_0770,Nikhil Saxena 42,Pune,3.5,2022-01-27
CUST_0771,Rahul Verma 77,Hyderabad,3.1,2024-04-10
CUST_0772,Arjun Das 8,Ahmedabad,4.1,2024-02-25
CUST_0773,Manish Tiwari 30,Bangalore,3.2,2023-11-04
CUST_0774,Divya Nair 35,Jaipur,4.6,2024-07-28
CUST_0775,Priya Patel 98,Hyderabad,4.2,2024-03-27
CUST_0776,Aditya Rao 46,Bangalore,3.4,2023-08-30
CUST_0777,Rahul Verma 95,Kolkata,4.8,2022-01-29
CUST_0778,Pooja Joshi 73,Lucknow,3.3,2024-08-29
CUST_0779,Karan Mehta 64,Jaipur,3.6,2023-05-18
CUST_0780,Priya Patel 12,Mumbai,3.5,2022-08-13
CUST_0781,Aarav Sharma 68,Ahmedabad,3.0,2024-07-28
CUST_0782,Simran Kaur 26,Bangalore,3.7,2022-07-01
CUST_0783,Rahul Verma 8,Mumbai,3.3,2023-12-23
CUST_0784,Vikram Singh 15,Jaipur,4.7,2024-09-10
CUST_0785,Rohan Kumar 48,Pune,4.2,2022-12-11
CUST_0786,Meera Iyer 42,Bangalore,5.0,2024-01-20
CUST_0787,Nisha Kapoor 82,Ahmedabad,4.3,2022-06-28
CUST_0788,Ritu Agarwal 89,Lucknow,4.6,2022-08-17
CUST_0789,Manish Tiwari 23,Pune,3.6,2023-12-07
CUST_0790,Meera Iyer 17,Bangalore,4.5,2024-08-29
CUST_0791,Manish Tiwari 51,Lucknow,3.1,2023-09-09
CUST_0792,Rahul Verma 79,Hyderabad,4.3,2022-04-17
CUST_0793,Kavya Menon 19,Kolkata,4.5,2022-09-01
CUST_0794,Pooja Joshi 41,Bangalore,4.3,2024-09-13
CUST_0795,Rohan Kumar 91,Kolkata,3.9,2022-09-29
CUST_0796,Karan Mehta 32,Delhi,3.7,2024-03-16
CUST_0797,Sneha Gupta 93,Mumbai,3.1,2023-03-25
CUST_0798,Nisha Kapoor 22,Pune,4.0,2023-01-23
CUST_0799,Pooja Joshi 70,Pune,3.2,2023-05-06
CUST_0800,Manish Tiwari 84,Hyderabad,3.3,2022-03-17
